paper,year,venue,value
10.1145/1865841.1865848,2010,TVCG,3
10.1145/1865841.1865848,2010,VIS,4
10.1145/1865841.1865848,2010,,10
10.1145/1865841.1865848,2010,SIGGRAPH,1
10.1145/1865841.1865849,2010,,10
10.1145/1865841.1865849,2010,TOG,1
10.1145/1865841.1865849,2010,Proceedings of Graphics Interface,1
10.1145/1865841.1865849,2010,SIGGRAPH,1
10.1145/1865841.1865850,2010,SIGGRAPH,1
10.1145/1865841.1865850,2010,TOG,1
10.1145/1865841.1865850,2010,,7
10.1145/1865841.1865850,2010,GI,1
10.1145/1865841.1865852,2010,,7
10.1145/1865841.1865852,2010,VIS,2
10.1145/1865841.1865852,2010,InfoVis,1
10.1145/1865841.1865853,2010,,16
10.1145/1865841.1865853,2010,VIS,4
10.1145/1865841.1865853,2010,TOG,1
10.1145/1865841.1865853,2010,CHI,1
10.1145/1865841.1865853,2010,InfoVis,1
10.1145/1865841.1865854,2010,GD,7
10.1145/1865841.1865854,2010,LNCS,1
10.1145/1865841.1865854,2010,,11
10.1145/1865841.1865854,2010,TVCG,1
10.1145/1865841.1865854,2010,Information Visualization,2
10.1145/1865841.1865854,2010,VIS,1
10.1145/1865841.1865856,2010,,24
10.1145/1865841.1865857,2010,,9
10.1145/1865841.1865857,2010,ITS,1
10.1145/1865841.1865858,2010,,11
10.1145/1865841.1865858,2010,VL/HCC,1
10.1145/1865841.1865858,2010,GI,1
10.1145/1865841.1865860,2010,,25
10.1145/1865841.1865860,2010,Information Visualization,1
10.1145/1865841.1865860,2010,CG&A,1
10.1145/1865841.1865860,2010,InfoVis,2
10.1145/1865841.1865861,2010,,20
10.1145/1865841.1865861,2010,IJCV,1
10.1145/1865841.1865861,2010,TVCG,1
10.1145/1865841.1865861,2010,CHI,3
10.1145/1865841.1865861,2010,Information Visualization,1
10.1145/1865841.1865861,2010,ICPP,1
10.1145/1865841.1865861,2010,VIS,1
10.1145/1865841.1865861,2010,UIST,1
10.1145/1865841.1865862,2010,,9
10.1145/1865841.1865862,2010,TVCG,2
10.1145/1865841.1865864,2010,,12
10.1145/1865841.1865864,2010,GI,1
10.1145/1865841.1865865,2010,CHI,6
10.1145/1865841.1865865,2010,,24
10.1145/1865841.1865865,2010,CSCW,1
10.1145/1865841.1865865,2010,GI,3
10.1145/1865841.1865865,2010,UIST,3
10.1145/1865841.1865865,2010,GD,1
10.1145/1865841.1865865,2010,TVCG,1
10.1145/1865841.1865865,2010,InfoVis,2
10.1145/1865841.1865865,2010,SIGGRAPH,1
10.1145/1865841.1865866,2010,LNCS,1
10.1145/1865841.1865866,2010,,14
10.1145/1865841.1865866,2010,WWW,2
10.1145/1865841.1865866,2010,JVLC,1
10.1145/1865841.1865868,2010,TVCG,3
10.1145/1865841.1865868,2010,,13
10.1145/1865841.1865868,2010,CG&A,1
10.1145/1865841.1865868,2010,Information Visualization,3
10.1145/1865841.1865868,2010,SIGKDD,1
10.1145/1865841.1865868,2010,CHI,1
10.1145/1865841.1865869,2010,,27
10.1145/1865841.1865869,2010,SMC,1
10.1145/1865841.1865869,2010,IJHCS,1
10.1145/1865841.1865869,2010,CIKM,1
10.1145/1865841.1865869,2010,KDD,1
10.1145/1865841.1865869,2010,GI,2
10.1145/1865841.1865870,2010,,47
10.1145/1865841.1865870,2010,CHI,2
10.1145/1865841.1865870,2010,VAST,1
10.1145/1865841.1865870,2010,CSCW,1
10.1145/1865841.1865870,2010,LNCS,2
10.1145/1865841.1865870,2010,SIGGRAPH,1
10.1145/1865841.1865870,2010,TOG,1
10.1145/1865841.1865870,2010,GI,2
10.1145/1865841.1865870,2010,IJHCS,1
10.1145/2016656.2016657,2011,,19
10.1145/2016656.2016657,2011,CGF,1
10.1145/2016656.2016657,2011,CHI,1
10.1145/2016656.2016658,2011,,12
10.1145/2016656.2016658,2011,TVCG,1
10.1145/2016656.2016659,2011,,9
10.1145/2016656.2016660,2011,IV,2
10.1145/2016656.2016660,2011,,7
10.1145/2016656.2016660,2011,TVCG,2
10.1145/2016656.2016660,2011,WWW,1
10.1145/2016656.2016660,2011,UIST,2
10.1145/2016656.2016660,2011,CHI,3
10.1145/2016656.2016660,2011,VIS,1
10.1145/2016656.2016661,2011,,8
10.1145/2016656.2016661,2011,InfoVis,1
10.1145/2016656.2016662,2011,,15
10.1145/2016656.2016663,2011,,28
10.1145/2016656.2016663,2011,GI,1
10.1145/2016656.2016664,2011,CHI,12
10.1145/2016656.2016664,2011,UIST,3
10.1145/2016656.2016664,2011,,9
10.1145/2016656.2016665,2011,,29
10.1145/2016656.2016666,2011,,17
10.1145/2016656.2016667,2011,TVCG,3
10.1145/2016656.2016667,2011,,8
10.1145/2016656.2016667,2011,JVLC,1
10.1145/2016656.2016667,2011,InfoVis,2
10.1145/2016656.2016667,2011,Information Visualization,1
10.1145/2016656.2016667,2011,IV,1
10.1145/2016656.2016667,2011,UIST,1
10.1145/2016656.2016667,2011,VIS,1
10.1145/2016656.2016667,2011,TOG,1
10.1145/2016656.2016668,2011,,29
10.1145/2016656.2016668,2011,Information Visualization,1
10.1145/2016656.2016668,2011,InfoVis,1
10.1145/2016656.2016669,2011,,22
10.1145/2016656.2016670,2011,,24
10.1145/2016656.2016671,2011,,50
10.1145/2016656.2016671,2011,CHI,1
10.1145/2016656.2016672,2011,TVCG,2
10.1145/2016656.2016672,2011,,17
10.1145/2016656.2016672,2011,Information Visualization,3
10.1145/2016656.2016672,2011,CG&A,1
10.1145/2016656.2016672,2011,IV,1
10.1145/2016656.2016672,2011,InfoVis,1
10.1145/2016656.2016672,2011,CHI,1
10.1145/2397696.2397697,2012,,22
10.1145/2397696.2397698,2012,,14
10.1145/2397696.2397698,2012,InfoVis,1
10.1145/2397696.2397698,2012,CG&A,1
10.1145/2397696.2397698,2012,LNCS,1
10.1145/2397696.2397698,2012,TVCG,2
10.1145/2397696.2397699,2012,,12
10.1145/2397696.2397699,2012,VIS,1
10.1145/2397696.2397699,2012,InfoVis,2
10.1145/2397696.2397700,2012,,23
10.1145/2397696.2397701,2012,,38
10.1145/2397696.2397701,2012,CIKM,1
10.1145/2397696.2397702,2012,,7
10.1145/2397696.2397702,2012,TVCG,2
10.1145/2397696.2397703,2012,,15
10.1145/2397696.2397704,2012,TVCG,1
10.1145/2397696.2397704,2012,,31
10.1145/2397696.2397705,2012,,9
10.1145/2397696.2397706,2012,,12
10.1145/2397696.2397706,2012,VIS,1
10.1145/2397696.2397707,2012,,31
10.1145/2397696.2397708,2012,,12
10.1145/2397696.2397709,2012,,13
10.1145/2397696.2397710,2012,,16
10.1145/2397696.2397711,2012,,15
10.1145/2397696.2397712,2012,GD,1
10.1145/2397696.2397712,2012,,8
10.1145/2397696.2397712,2012,JVLC,1
10.1145/2493102.2493103,2013,,33
10.1145/2493102.2493103,2013,GI,2
10.1145/2493102.2493104,2013,,15
10.1145/2493102.2493104,2013,TVCG,1
10.1145/2493102.2493104,2013,VIS,1
10.1145/2493102.2493105,2013,,25
10.1145/2493102.2493106,2013,,20
10.1145/2493102.2493106,2013,GI,2
10.1145/2493102.2493107,2013,,22
10.1145/2493102.2493108,2013,,21
10.1145/2493102.2493109,2013,,17
10.1145/2493102.2493109,2013,VIS,1
10.1145/2493102.2493109,2013,TOG,1
10.1145/2493102.2493110,2013,,17
10.1145/2493102.2493110,2013,PLOS ONE,1
10.1145/2493102.2493111,2013,,34
10.1145/2493102.2493111,2013,PAMI,1
10.1145/2493102.2493112,2013,,17
10.1145/2493102.2493112,2013,TOG,1
10.1145/2493102.2493112,2013,Information Visualization,1
10.1145/2493102.2493112,2013,InfoVis,3
10.1145/2493102.2493112,2013,GI,1
10.1145/2493102.2493112,2013,VIS,1
10.1145/2493102.2493113,2013,,23
10.1145/2493102.2493114,2013,,8
10.1145/2493102.2493114,2013,VIS,1
10.1145/2493102.2493114,2013,CHI,1
10.1145/2493102.2493116,2013,,6
10.1145/2493102.2493118,2013,,3
10.1145/2493102.2493119,2013,,6
10.1145/2493102.2493120,2013,,6
10.1145/2493102.2493121,2013,,4
10.1145/2493102.2493121,2013,VISIGRAPP ,1
10.1145/2493102.2493122,2013,,3
10.1145/2493102.2493122,2013,VINCI,1
10.1145/2493102.2493122,2013,TVCG,1
10.1145/2493102.2493122,2013,GI,1
10.1145/2636240.2636844,2014,,46
10.1145/2636240.2636844,2014,IV,1
10.1145/2636240.2636844,2014,GI,5
10.1145/2636240.2636844,2014,CHI,2
10.1145/2636240.2636844,2014,IUI,2
10.1145/2636240.2636844,2014,Information Visualization,2
10.1145/2636240.2636844,2014,VIS,1
10.1145/2636240.2636850,2014,,15
10.1145/2636240.2636850,2014,TVCG,2
10.1145/2636240.2636850,2014,GD,1
10.1145/2636240.2636850,2014,InfoVis,4
10.1145/2636240.2636850,2014,CGF,1
10.1145/2636240.2636850,2014,TOG,1
10.1145/2636240.2636841,2014,,18
10.1145/2636240.2636841,2014,TOG,1
10.1145/2636240.2636841,2014,PacificVis,1
10.1145/2636240.2636841,2014,InfoVis,3
10.1145/2636240.2636841,2014,VIS,1
10.1145/2636240.2636841,2014,ICML,1
10.1145/2636240.2636841,2014,Information Visualization,1
10.1145/2636240.2636839,2014,,14
10.1145/2636240.2636839,2014,TVCG,3
10.1145/2636240.2636839,2014,VL/HCC,1
10.1145/2636240.2636839,2014,GRAPP,1
10.1145/2636240.2636839,2014,CGF,3
10.1145/2636240.2636839,2014,VISIGRAPP ,1
10.1145/2636240.2636839,2014,GD,1
10.1145/2636240.2636839,2014,SMC,1
10.1145/2636240.2636858,2014,ECCV,2
10.1145/2636240.2636858,2014,SODA,1
10.1145/2636240.2636858,2014,NIPS,1
10.1145/2636240.2636858,2014,,9
10.1145/2636240.2636858,2014,SIGGRAPH,1
10.1145/2636240.2636858,2014,TVCG,3
10.1145/2636240.2636858,2014,CGF,2
10.1145/2636240.2636858,2014,PacificVis,1
10.1145/2636240.2636858,2014,PAMI,1
10.1145/2636240.2636858,2014,GI,1
10.1145/2636240.2636858,2014,ICCV,2
10.1145/2636240.2636858,2014,VAST,1
10.1145/2636240.2636854,2014,,21
10.1145/2636240.2636854,2014,InfoVis,1
10.1145/2636240.2636854,2014,VIS,4
10.1145/2636240.2636854,2014,IV,1
10.1145/2636240.2636854,2014,CGF,3
10.1145/2636240.2636854,2014,GD,2
10.1145/2636240.2636854,2014,Information Visualization,1
10.1145/2636240.2636843,2014,GI,3
10.1145/2636240.2636843,2014,VIS,1
10.1145/2636240.2636843,2014,,6
10.1145/2636240.2636843,2014,JVLC,1
10.1145/2636240.2636843,2014,VL/HCC,3
10.1145/2636240.2636843,2014,Information Visualization,1
10.1145/2636240.2636840,2014,VL/HCC,4
10.1145/2636240.2636840,2014,,18
10.1145/2636240.2636840,2014,IJHCS,2
10.1145/2636240.2636840,2014,TOIS,1
10.1145/2636240.2636840,2014,JVLC,1
10.1145/2636240.2636840,2014,Proceedings of Graphics Interface,1
10.1145/2636240.2636840,2014,CHI,1
10.1145/2636240.2636846,2014,,18
10.1145/2636240.2636846,2014,SIGGRAPH,5
10.1145/2636240.2636846,2014,CADCG,1
10.1145/2636240.2636846,2014,IEEE VR,1
10.1145/2636240.2636846,2014,CG&A,2
10.1145/2636240.2636846,2014,CGF,1
10.1145/2636240.2636846,2014,GI,1
10.1145/2636240.2636846,2014,CHI,2
10.1145/2636240.2636846,2014,ACM Multimedia,1
10.1145/2636240.2636846,2014,TOG,1
10.1145/2636240.2636855,2014,,26
10.1145/2636240.2636855,2014,VINCI,1
10.1145/2636240.2636855,2014,JVLC,1
10.1145/2636240.2636855,2014,GI,3
10.1145/2636240.2636855,2014,IUI,2
10.1145/2636240.2636855,2014,SIGGRAPH,1
10.1145/2636240.2636855,2014,CHI,2
10.1145/2636240.2636842,2014,,15
10.1145/2636240.2636842,2014,HICSS,1
10.1145/2636240.2636842,2014,VIS,1
10.1145/2636240.2636842,2014,Information Visualization,1
10.1145/2636240.2636842,2014,TVCG,1
10.1145/2636240.2636847,2014,,13
10.1145/2636240.2636857,2014,,19
10.1145/2636240.2636857,2014,TVCG,1
10.1145/2636240.2636857,2014,VINCI,1
10.1145/2636240.2636857,2014,CHI,1
10.1145/2636240.2636857,2014,VIS,1
10.1145/2636240.2636857,2014,UIST,1
10.1145/2636240.2636845,2014,,8
10.1145/2636240.2636845,2014,CG&A,1
10.1145/2636240.2636845,2014,TVCG,1
10.1145/2636240.2636845,2014,KDD,7
10.1145/2636240.2636845,2014,CHI,1
10.1145/2636240.2636845,2014,AAAI,1
10.1145/2636240.2636845,2014,CIKM,1
10.1145/2636240.2636845,2014,SIGIR,1
10.1145/2636240.2636856,2014,,25
10.1145/2636240.2636856,2014,GI,3
10.1145/2636240.2636856,2014,CHI,1
10.1145/2636240.2636853,2014,,34
10.1145/2636240.2636853,2014,CHI,3
10.1145/2636240.2636853,2014,DIS,1
10.1145/2636240.2636853,2014,HICSS,1
10.1145/2636240.2636853,2014,TVCG,1
10.1145/2636240.2636838,2014,TVCG,6
10.1145/2636240.2636838,2014,,20
10.1145/2636240.2636838,2014,Information Visualization,2
10.1145/2636240.2636838,2014,GD,2
10.1145/2636240.2636838,2014,JVLC,2
10.1145/2636240.2636838,2014,CGF,1
10.1145/2636240.2636838,2014,InfoVis,1
10.1145/2636240.2636848,2014,,22
10.1145/2636240.2636848,2014,LNCS,1
10.1145/2636240.2636848,2014,InfoVis,1
10.1145/2636240.2636848,2014,IV,1
10.1145/2636240.2636848,2014,CHI,1
10.1145/2636240.2636848,2014,GD,1
10.1145/2636240.2636848,2014,GI,1
10.1145/2636240.2636848,2014,VIS,1
10.1145/2636240.2636848,2014,TVCG,1
10.1145/2636240.2636848,2014,Information Visualization,1
10.1145/2636240.2636851,2014,,24
10.1145/2636240.2636851,2014,CHI,1
10.1145/2636240.2636851,2014,SIGGRAPH,1
10.1145/2636240.2636851,2014,IV,1
10.1145/2636240.2636852,2014,CHI,1
10.1145/2636240.2636852,2014,TVCG,1
10.1145/2636240.2636852,2014,,19
10.1145/2636240.2636852,2014,JCGS,2
10.1145/2636240.2636852,2014,PacificVis,1
10.1145/2636240.2636852,2014,IV,2
10.1145/2636240.2636852,2014,Information Visualization,3
10.1145/2636240.2636849,2014,,5
10.1145/2636240.2636849,2014,TOG,2
10.1145/2636240.2636849,2014,Information Visualization,1
10.1145/2636240.2636849,2014,SIGGRAPH,1
10.1145/2801040.2801054,2015,,16
10.1145/2801040.2801054,2015,WSDM,1
10.1145/2801040.2801054,2015,VIS,4
10.1145/2801040.2801054,2015,TVCG,6
10.1145/2801040.2801054,2015,VAST,3
10.1145/2801040.2801054,2015,GI,1
10.1145/2801040.2801054,2015,CGF,1
10.1145/2801040.2801054,2015,LDAV,1
10.1145/2801040.2801054,2015,Information Visualization,1
10.1145/2801040.2801054,2015,ISCA,1
10.1145/2801040.2801054,2015,AAAI,1
10.1145/2801040.2801054,2015,CHI,1
10.1145/2801040.2801054,2015,EuroVis,1
10.1145/2801040.2801054,2015,CIKM,1
10.1145/2801040.2801043,2015,,13
10.1145/2801040.2801043,2015,LNCS,1
10.1145/2801040.2801043,2015,GI,1
10.1145/2801040.2801043,2015,SIGGRAPH,1
10.1145/2801040.2801055,2015,,21
10.1145/2801040.2801055,2015,GI,4
10.1145/2801040.2801055,2015,ICSE,3
10.1145/2801040.2801055,2015,Information Visualization,1
10.1145/2801040.2801055,2015,ISVC,1
10.1145/2801040.2801057,2015,VIS,5
10.1145/2801040.2801057,2015,CHI,4
10.1145/2801040.2801057,2015,,21
10.1145/2801040.2801057,2015,TOG,1
10.1145/2801040.2801057,2015,EuroVis,2
10.1145/2801040.2801057,2015,ISVC,1
10.1145/2801040.2801048,2015,IV,2
10.1145/2801040.2801048,2015,EuroVis,1
10.1145/2801040.2801048,2015,,13
10.1145/2801040.2801048,2015,GD,3
10.1145/2801040.2801048,2015,VINCI,1
10.1145/2801040.2801048,2015,InfoVis,1
10.1145/2801040.2801048,2015,Information Visualization,1
10.1145/2801040.2801048,2015,TVCG,1
10.1145/2801040.2801048,2015,PacificVis,1
10.1145/2801040.2801048,2015,CHI,2
10.1145/2801040.2801048,2015,SMC,1
10.1145/2801040.2801048,2015,CGF,1
10.1145/2801040.2801053,2015,,15
10.1145/2801040.2801053,2015,GD,5
10.1145/2801040.2801053,2015,AAAI,1
10.1145/2801040.2801053,2015,PacificVis,2
10.1145/2801040.2801053,2015,TVCG,6
10.1145/2801040.2801053,2015,CGF,1
10.1145/2801040.2801053,2015,InfoVis,1
10.1145/2801040.2801053,2015,Information Visualization,1
10.1145/2801040.2801059,2015,,25
10.1145/2801040.2801059,2015,GD,4
10.1145/2801040.2801059,2015,VIS,1
10.1145/2801040.2801059,2015,VINCI,1
10.1145/2801040.2801059,2015,PacificVis,2
10.1145/2801040.2801059,2015,IV,2
10.1145/2801040.2801059,2015,GI,1
10.1145/2801040.2801059,2015,InfoVis,1
10.1145/2801040.2801046,2015,,15
10.1145/2801040.2801046,2015,SIGGRAPH,8
10.1145/2801040.2801046,2015,VINCI,1
10.1145/2801040.2801046,2015,MM,1
10.1145/2801040.2801046,2015,CADCG,1
10.1145/2801040.2801046,2015,CHI,1
10.1145/2801040.2801046,2015,TOG,2
10.1145/2801040.2801046,2015,ICIP,1
10.1145/2801040.2801046,2015,CG&A,1
10.1145/2801040.2801046,2015,CGF,2
10.1145/2801040.2801046,2015,JOV,1
10.1145/2801040.2801044,2015,,4
10.1145/2801040.2801044,2015,SMC,1
10.1145/2801040.2801044,2015,ACL,2
10.1145/2801040.2801051,2015,,37
10.1145/2801040.2801051,2015,GI,1
10.1145/2801040.2801058,2015,,41
10.1145/2801040.2801058,2015,ISMAR,3
10.1145/2801040.2801058,2015,SMC,1
10.1145/2801040.2801058,2015,SIGGRAPH,2
10.1145/2801040.2801058,2015,ACM Multimedia,1
10.1145/2801040.2801058,2015,CVPR,1
10.1145/2801040.2801058,2015,ICRA,1
10.1145/2801040.2801058,2015,GI,1
10.1145/2801040.2801058,2015,CHI,1
10.1145/2801040.2801052,2015,,19
10.1145/2801040.2801052,2015,VAST,2
10.1145/2801040.2801052,2015,GI,3
10.1145/2801040.2801052,2015,TOG,1
10.1145/2801040.2801061,2015,GI,2
10.1145/2801040.2801061,2015,,22
10.1145/2801040.2801061,2015,CGF,2
10.1145/2801040.2801061,2015,IJHCS,1
10.1145/2801040.2801061,2015,VAST,3
10.1145/2801040.2801061,2015,IV,1
10.1145/2801040.2801061,2015,VIS,9
10.1145/2801040.2801061,2015,PacificVis,1
10.1145/2801040.2801061,2015,TVCG,3
10.1145/2801040.2801061,2015,CHI,1
10.1145/2801040.2801061,2015,TOG,1
10.1145/2801040.2801041,2015,,7
10.1145/2801040.2801041,2015,CHI,1
10.1145/2801040.2801041,2015,PacificVis,1
10.1145/2801040.2801041,2015,VIS,1
10.1145/2801040.2801041,2015,VINCI,1
10.1145/2801040.2801041,2015,CGF,1
10.1145/2801040.2801041,2015,ITS,1
10.1145/2801040.2801049,2015,TVCG,1
10.1145/2801040.2801049,2015,GI,1
10.1145/2801040.2801049,2015,WSCG,1
10.1145/2801040.2801049,2015,UIST,1
10.1145/2801040.2801049,2015,CHI,2
10.1145/2801040.2801049,2015,,4
10.1145/2801040.2801063,2015,,8
10.1145/2801040.2801063,2015,MM,1
10.1145/2801040.2801063,2015,ACM Multimedia,4
10.1145/2801040.2801063,2015,CHI,4
10.1145/2801040.2801063,2015,Journal of Visual Languages & Computing,1
10.1145/2801040.2801063,2015,ICPR,1
10.1145/2801040.2801063,2015,ICCV,1
10.1145/2801040.2801062,2015,,33
10.1145/2801040.2801062,2015,GI,5
10.1145/2801040.2801062,2015,PacificVis,1
10.1145/2801040.2801062,2015,JVLC,1
10.1145/2801040.2801062,2015,TVCG,2
10.1145/2801040.2801045,2015,,17
10.1145/2801040.2801045,2015,CHI,5
10.1145/2801040.2801045,2015,VIS,4
10.1145/2801040.2801045,2015,LDAV,1
10.1145/2801040.2801045,2015,CGF,1
10.1145/2801040.2801056,2015,TVCG,2
10.1145/2801040.2801056,2015,,14
10.1145/2801040.2801056,2015,VINCI,1
10.1145/2801040.2801056,2015,GD,1
10.1145/2801040.2801056,2015,VIS,1
10.1145/2801040.2801056,2015,VL/HCC,1
10.1145/2801040.2801056,2015,CHI,2
10.1145/2801040.2801056,2015,InfoVis,3
10.1145/2801040.2801064,2015,,8
10.1145/2801040.2801064,2015,VL/HCC,1
10.1145/2801040.2801064,2015,GD,1
10.1145/2801040.2801064,2015,TVCG,1
10.1145/2801040.2801042,2015,,1
10.1145/2801040.2801047,2015,,5
10.1145/2801040.2801047,2015,CHI,1
10.1145/2801040.2801047,2015,GI,1
10.1145/2801040.2801050,2015,,3
10.1145/2801040.2801050,2015,LNCS,1
10.1145/2801040.2801060,2015,,5
10.1145/2801040.2801066,2015,,6
10.1145/2801040.2801067,2015,,1
10.1145/2801040.2801067,2015,TVCG,1
10.1145/2801040.2801067,2015,IV,1
10.1145/2801040.2801069,2015,,2
10.1145/2801040.2801068,2015,,4
10.1145/2801040.2801070,2015,,3
10.1145/2801040.2801065,2015,,2
10.1145/2801040.2801065,2015,ISMAR,1
10.1145/2801040.2801065,2015,CVPR,1
10.1145/2801040.2801071,2015,,2
10.1145/2801040.2801071,2015,CHI,1
10.1145/2801040.2801072,2015,VIS,1
10.1145/2801040.2801072,2015,,1
10.1145/2801040.2802138,2015,,6
10.1145/2968220.2968226,2016,IJHCS,1
10.1145/2968220.2968226,2016,,12
10.1145/2968220.2968226,2016,TVCG,4
10.1145/2968220.2968226,2016,JOV,1
10.1145/2968220.2968226,2016,IV,2
10.1145/2968220.2968226,2016,InfoVis,2
10.1145/2968220.2968226,2016,CGF,1
10.1145/2968220.2968226,2016,GI,1
10.1145/2968220.2968229,2016,TVCG,4
10.1145/2968220.2968229,2016,VIS,7
10.1145/2968220.2968229,2016,,13
10.1145/2968220.2968229,2016,GD,1
10.1145/2968220.2968229,2016,CHI,1
10.1145/2968220.2968229,2016,PacificVis,1
10.1145/2968220.2968229,2016,EuroVis,1
10.1145/2968220.2968242,2016,,14
10.1145/2968220.2968242,2016,CHI,7
10.1145/2968220.2968242,2016,TVCG,6
10.1145/2968220.2968242,2016,VIS,2
10.1145/2968220.2968242,2016,Information Visualization,1
10.1145/2968220.2968242,2016,CGF,1
10.1145/2968220.2968242,2016,CG&A,1
10.1145/2968220.2968242,2016,COLING,1
10.1145/2968220.2968242,2016,EMNLP,1
10.1145/2968220.2968221,2016,,10
10.1145/2968220.2968221,2016,VAST,1
10.1145/2968220.2968221,2016,TVCG,2
10.1145/2968220.2968238,2016,,8
10.1145/2968220.2968238,2016,TOG,1
10.1145/2968220.2968238,2016,TVCG,4
10.1145/2968220.2968238,2016,CHI,1
10.1145/2968220.2968238,2016,CG&A,1
10.1145/2968220.2968224,2016,GI,2
10.1145/2968220.2968224,2016,TOG,3
10.1145/2968220.2968224,2016,,11
10.1145/2968220.2968224,2016,ICCV,2
10.1145/2968220.2968224,2016,PAMI,2
10.1145/2968220.2968224,2016,TVCG,2
10.1145/2968220.2968224,2016,CGF,1
10.1145/2968220.2968224,2016,SG,2
10.1145/2968220.2968224,2016,ICIP,1
10.1145/2968220.2968248,2016,,34
10.1145/2968220.2968248,2016,GI,2
10.1145/2968220.2968248,2016,TVCG,9
10.1145/2968220.2968248,2016,Information Visualization,1
10.1145/2968220.2968248,2016,JCGS,1
10.1145/2968220.2968248,2016,CGF,2
10.1145/2968220.2968230,2016,,20
10.1145/2968220.2968230,2016,UIST,1
10.1145/2968220.2968230,2016,VIS,1
10.1145/2968220.2968230,2016,TOG,2
10.1145/2968220.2968235,2016,,20
10.1145/2968220.2968235,2016,CHI,1
10.1145/2968220.2968235,2016,GI,3
10.1145/2968220.2968235,2016,SIGGRAPH,1
10.1145/2968220.2968235,2016,ICML,1
10.1145/2968220.2968236,2016,CHI,4
10.1145/2968220.2968236,2016,,17
10.1145/2968220.2968236,2016,LNCS,1
10.1145/2968220.2968236,2016,JVLC,1
10.1145/2968220.2968236,2016,DIS,1
10.1145/2968220.2968236,2016,Proceedings of Graphics Interface,1
10.1145/2968220.2968239,2016,TVCG,1
10.1145/2968220.2968239,2016,Journal of Visual Languages & Computing,1
10.1145/2968220.2968239,2016,,21
10.1145/2968220.2968239,2016,VINCI,2
10.1145/2968220.2968239,2016,TOG,1
10.1145/2968220.2968239,2016,GD,1
10.1145/2968220.2968239,2016,GI,3
10.1145/2968220.2968239,2016,IJHCS,1
10.1145/2968220.2968240,2016,GI,1
10.1145/2968220.2968240,2016,TOG,3
10.1145/2968220.2968240,2016,,21
10.1145/2968220.2968240,2016,PLOS ONE,1
10.1145/2968220.2968240,2016,VINCI,1
10.1145/2968220.2968240,2016,CHI,1
10.1145/2968220.2968240,2016,TVCG,2
10.1145/2968220.2968241,2016,CHI,2
10.1145/2968220.2968241,2016,TVCG,8
10.1145/2968220.2968241,2016,CG&A,1
10.1145/2968220.2968241,2016,Information Visualization,1
10.1145/2968220.2968241,2016,,11
10.1145/2968220.2968241,2016,GI,1
10.1145/2968220.2968241,2016,JMLR,1
10.1145/2968220.2968241,2016,EuroVis,1
10.1145/2968220.2968241,2016,InfoVis,1
10.1145/2968220.2968222,2016,,17
10.1145/2968220.2968222,2016,TVCG,1
10.1145/2968220.2968222,2016,CGF,1
10.1145/2968220.2968222,2016,IV,1
10.1145/2968220.2968222,2016,SIGKDD,2
10.1145/2968220.2968222,2016,KDD,3
10.1145/2968220.2968222,2016,GI,1
10.1145/2968220.2968222,2016,VIS,1
10.1145/2968220.2968222,2016,TOIS,1
10.1145/2968220.2968223,2016,,12
10.1145/2968220.2968223,2016,VIS,1
10.1145/2968220.2968223,2016,CHI,2
10.1145/2968220.2968223,2016,TVCG,6
10.1145/2968220.2968223,2016,CG&A,1
10.1145/2968220.2968223,2016,VAST,1
10.1145/2968220.2968223,2016,InfoVis,1
10.1145/2968220.2968244,2016,JMLR,1
10.1145/2968220.2968244,2016,IUI,1
10.1145/2968220.2968244,2016,TIST,1
10.1145/2968220.2968244,2016,VAST,2
10.1145/2968220.2968244,2016,,8
10.1145/2968220.2968244,2016,TVCG,7
10.1145/2968220.2968244,2016,PacificVis,1
10.1145/2968220.2968246,2016,,8
10.1145/2968220.2968246,2016,VINCI,3
10.1145/2968220.2968246,2016,ITS,1
10.1145/2968220.2968246,2016,CHI,1
10.1145/2968220.2968246,2016,CIKM,1
10.1145/2968220.2968246,2016,GI,1
10.1145/2968220.2968228,2016,,19
10.1145/2968220.2968228,2016,WSCG,1
10.1145/2968220.2968228,2016,CGF,3
10.1145/2968220.2968228,2016,ACM Multimedia,2
10.1145/2968220.2968228,2016,MM,1
10.1145/2968220.2968228,2016,GI,1
10.1145/2968220.2968228,2016,SIGGRAPH,3
10.1145/2968220.2968228,2016,SIBGRAPI,1
10.1145/2968220.2968232,2016,,30
10.1145/2968220.2968232,2016,SIGGRAPH,1
10.1145/2968220.2968232,2016,IV,1
10.1145/2968220.2968232,2016,CG&A,1
10.1145/2968220.2968227,2016,,3
10.1145/2968220.2968227,2016,GD,1
10.1145/2968220.2968227,2016,Information Visualization,2
10.1145/2968220.2968231,2016,TVCG,1
10.1145/2968220.2968231,2016,,3
10.1145/2968220.2968233,2016,TVCG,2
10.1145/2968220.2968233,2016,,3
10.1145/2968220.2968237,2016,,8
10.1145/2968220.2968237,2016,NeuroImage,1
10.1145/2968220.2968243,2016,,8
10.1145/2968220.2968245,2016,,9
10.1145/2968220.2968245,2016,TVCG,2
10.1145/2968220.2968245,2016,UIST,1
10.1145/2968220.2968245,2016,EuroVis,1
10.1145/2968220.2968245,2016,IEEE VR,2
10.1145/2968220.2972225,2016,PLOS ONE,2
10.1145/2968220.2972225,2016,,1
10.1145/2968220.2972225,2016,CG&A,1
10.1145/2968220.2972225,2016,TVCG,1
10.1145/2968220.2972226,2016,,6
10.1145/2968220.2972226,2016,EuroVis,1
10.1145/2968220.2968234,2016,,6
10.1145/2968220.2968234,2016,GI,1
10.1145/3105971.3105972,2017,,42
10.1145/3105971.3105972,2017,TVCG,1
10.1145/3105971.3105972,2017,InfoVis,1
10.1145/3105971.3105980,2017,,14
10.1145/3105971.3105980,2017,SMC,1
10.1145/3105971.3105980,2017,PAMI,1
10.1145/3105971.3105980,2017,TVCG,3
10.1145/3105971.3105980,2017,CG&A,1
10.1145/3105971.3105980,2017,SIBGRAPI,1
10.1145/3105971.3105980,2017,Information Visualization,1
10.1145/3105971.3105980,2017,PacificVis,2
10.1145/3105971.3105983,2017,,22
10.1145/3105971.3105986,2017,,10
10.1145/3105971.3105986,2017,TVCG,2
10.1145/3105971.3105986,2017,GI,1
10.1145/3105971.3105975,2017,,33
10.1145/3105971.3105975,2017,VAST,1
10.1145/3105971.3105982,2017,,31
10.1145/3105971.3105982,2017,TVCG,1
10.1145/3105971.3105982,2017,IV,1
10.1145/3105971.3105981,2017,CHI,5
10.1145/3105971.3105981,2017,,26
10.1145/3105971.3105981,2017,EuroVis,1
10.1145/3105971.3105981,2017,CSCW,3
10.1145/3105971.3105981,2017,IUI,2
10.1145/3105971.3105981,2017,WWW,1
10.1145/3105971.3105981,2017,PacificVis,1
10.1145/3105971.3105981,2017,UIST,1
10.1145/3105971.3105981,2017,AAAI,1
10.1145/3105971.3105981,2017,Information Visualization,1
10.1145/3105971.3105984,2017,,20
10.1145/3105971.3105984,2017,Information Visualization,1
10.1145/3105971.3105987,2017,,19
10.1145/3105971.3105990,2017,,3
10.1145/3105971.3108443,2017,,2
10.1145/3105971.3108447,2017,,5
10.1145/3105971.3108450,2017,,4
10.1145/3105971.3108444,2017,,11
10.1145/3105971.3108442,2017,VIS,1
10.1145/3105971.3108442,2017,TVCG,1
10.1145/3105971.3108445,2017,,3
10.1145/3105971.3108446,2017,,8
10.1145/3105971.3108448,2017,,4
10.1145/3105971.3105992,2017,,2
10.1145/3105971.3105992,2017,GD,3
10.1145/3105971.3105992,2017,Information Visualization,1
10.1145/3105971.3108449,2017,,4
10.1145/3105971.3105977,2017,,33
10.1145/3105971.3105977,2017,CHI,1
10.1145/3105971.3105974,2017,,42
10.1145/3105971.3105973,2017,,32
10.1145/3105971.3105973,2017,TVCG,2
10.1145/3105971.3105973,2017,CHI,1
10.1145/3105971.3105989,2017,,13
10.1145/3105971.3105989,2017,Information Visualization,1
10.1145/3105971.3105989,2017,TVCG,1
10.1145/3105971.3105976,2017,TVCG,1
10.1145/3105971.3105976,2017,TOG,3
10.1145/3105971.3105976,2017,,16
10.1145/3105971.3105976,2017,Journal of Visual Languages & Computing,1
10.1145/3105971.3105976,2017,GD,1
10.1145/3105971.3105976,2017,VIS,1
10.1145/3105971.3105976,2017,InfoVis,2
10.1145/3105971.3105976,2017,VINCI,1
10.1145/3105971.3105978,2017,,22
10.1145/3105971.3105978,2017,TVCG,3
10.1145/3105971.3105978,2017,VIS,1
10.1145/3105971.3105979,2017,,26
10.1145/3105971.3105988,2017,,27
10.1145/3105971.3105988,2017,VIS,1
10.1145/3231622.3231624,2018,,16
10.1145/3231622.3231624,2018,TVCG,5
10.1145/3231622.3231626,2018,,17
10.1145/3231622.3231626,2018,JVLC,1
10.1145/3231622.3231626,2018,CGF,1
10.1145/3231622.3231626,2018,TVCG,2
10.1145/3231622.3231626,2018,GI,3
10.1145/3231622.3231626,2018,VL/HCC,2
10.1145/3231622.3231627,2018,InfoVis,1
10.1145/3231622.3231627,2018,,15
10.1145/3231622.3231627,2018,Information Visualization,1
10.1145/3231622.3231627,2018,TVCG,4
10.1145/3231622.3231627,2018,GI,1
10.1145/3231622.3231627,2018,NIPS,1
10.1145/3231622.3231627,2018,PacificVis,1
10.1145/3231622.3231627,2018,CHI,1
10.1145/3231622.3231627,2018,VIS,1
10.1145/3231622.3231628,2018,TVCG,4
10.1145/3231622.3231628,2018,,15
10.1145/3231622.3231628,2018,TOG,2
10.1145/3231622.3231628,2018,PacificVis,2
10.1145/3231622.3231628,2018,IJCV,1
10.1145/3231622.3231628,2018,CGF,2
10.1145/3231622.3231628,2018,SIGGRAPH,1
10.1145/3231622.3231628,2018,CG&A,1
10.1145/3231622.3231635,2018,GI,2
10.1145/3231622.3231635,2018,InfoVis,2
10.1145/3231622.3231635,2018,ISVC,5
10.1145/3231622.3231635,2018,VL/HCC,1
10.1145/3231622.3231635,2018,TVCG,2
10.1145/3231622.3231635,2018,,15
10.1145/3231622.3231635,2018,IV,1
10.1145/3231622.3231635,2018,VIS,1
10.1145/3231622.3231635,2018,CHI,2
10.1145/3231622.3231635,2018,Information Visualization,1
10.1145/3231622.3231637,2018,,27
10.1145/3231622.3231637,2018,GI,1
10.1145/3231622.3231637,2018,Journal of Visual Languages & Computing,1
10.1145/3231622.3231638,2018,,15
10.1145/3231622.3231638,2018,PacificVis,1
10.1145/3231622.3231638,2018,VIS,2
10.1145/3231622.3231638,2018,TVCG,2
10.1145/3231622.3231638,2018,InfoVis,3
10.1145/3231622.3231638,2018,EuroVis,1
10.1145/3231622.3231638,2018,VISSOFT,1
10.1145/3231622.3231638,2018,VISIGRAPP ,1
10.1145/3231622.3231638,2018,IV,2
10.1145/3231622.3231638,2018,Web3D,1
10.1145/3231622.3231638,2018,GI,1
10.1145/3231622.3231638,2018,VINCI,1
10.1145/3231622.3231638,2018,TOG,1
10.1145/3231622.3231638,2018,GRAPP,1
10.1145/3231622.3231638,2018,Information Visualization,1
10.1145/3231622.3231623,2018,CGF,3
10.1145/3231622.3231623,2018,,9
10.1145/3231622.3231623,2018,Information Visualization,1
10.1145/3231622.3231639,2018,,33
10.1145/3231622.3231639,2018,LDAV,1
10.1145/3231622.3231639,2018,TVCG,1
10.1145/3231622.3231639,2018,PLOS ONE,1
10.1145/3231622.3231639,2018,GI,1
10.1145/3231622.3231630,2018,TVCG,4
10.1145/3231622.3231630,2018,EuroVis,1
10.1145/3231622.3231630,2018,CGF,1
10.1145/3231622.3231630,2018,VL/HCC,2
10.1145/3231622.3231630,2018,VINCI,1
10.1145/3231622.3231630,2018,IV,2
10.1145/3231622.3231630,2018,GRAPP,1
10.1145/3231622.3231630,2018,ISVC,1
10.1145/3231622.3231630,2018,,12
10.1145/3231622.3231630,2018,InfoVis,2
10.1145/3231622.3231630,2018,JVLC,1
10.1145/3231622.3231630,2018,GD,2
10.1145/3231622.3231632,2018,EuroVis,1
10.1145/3231622.3231632,2018,,24
10.1145/3231622.3231632,2018,TVCG,4
10.1145/3231622.3231632,2018,CGF,1
10.1145/3231622.3231632,2018,ISVC,1
10.1145/3231622.3231632,2018,VIS,1
10.1145/3231622.3231632,2018,GI,2
10.1145/3231622.3231633,2018,,6
10.1145/3231622.3231633,2018,ISVC,1
10.1145/3231622.3231633,2018,VL/HCC,1
10.1145/3231622.3231633,2018,IV,1
10.1145/3231622.3231633,2018,InfoVis,1
10.1145/3231622.3231633,2018,TVCG,1
10.1145/3231622.3231633,2018,LDAV,1
10.1145/3231622.3231633,2018,CHI,1
10.1145/3231622.3231633,2018,TOG,1
10.1145/3231622.3231633,2018,Information Visualization,1
10.1145/3231622.3231625,2018,GI,1
10.1145/3231622.3231625,2018,SIGGRAPH,3
10.1145/3231622.3231625,2018,CHI,2
10.1145/3231622.3231625,2018,,6
10.1145/3231622.3231625,2018,ICPR,1
10.1145/3231622.3231641,2018,VAST,1
10.1145/3231622.3231641,2018,AAAI,1
10.1145/3231622.3231641,2018,TVCG,4
10.1145/3231622.3231641,2018,ACL,1
10.1145/3231622.3231641,2018,,18
10.1145/3231622.3231641,2018,JMLR,2
10.1145/3231622.3231641,2018,VINCI,7
10.1145/3231622.3231641,2018,GI,1
10.1145/3231622.3231641,2018,PacificVis,1
10.1145/3231622.3231641,2018,CGF,1
10.1145/3231622.3231641,2018,TIST,1
10.1145/3231622.3231641,2018,JOV,1
10.1145/3231622.3232505,2018,,5
10.1145/3231622.3232505,2018,CG&A,1
10.1145/3231622.3232505,2018,TVCG,1
10.1145/3231622.3232505,2018,AAAI,1
10.1145/3231622.3232505,2018,CGF,1
10.1145/3231622.3232505,2018,Information Visualization,1
10.1145/3231622.3232508,2018,,6
10.1145/3231622.3232508,2018,GI,1
10.1145/3231622.3232508,2018,PacificVis,1
10.1145/3231622.3232506,2018,,7
10.1145/3231622.3232504,2018,,3
10.1145/3231622.3232504,2018,GI,1
10.1145/3231622.3231634,2018,,8
10.1145/3231622.3231636,2018,,10
10.1145/3231622.3231636,2018,CG&A,3
10.1145/3231622.3231636,2018,GI,1
10.1145/3231622.3231636,2018,Information Visualization,3
10.1145/3231622.3231636,2018,CGF,1
10.1145/3231622.3231636,2018,TVCG,1
10.1145/3231622.3231629,2018,,1
10.1145/3231622.3231629,2018,ISVC,2
10.1145/3231622.3231629,2018,InfoVis,3
10.1145/3231622.3231629,2018,VL/HCC,1
10.1145/3231622.3231629,2018,IV,1
10.1145/3231622.3231629,2018,TVCG,1
10.1145/3231622.3231629,2018,CHI,1
10.1145/3231622.3231640,2018,,4
10.1145/3231622.3232507,2018,,2
10.1145/3231622.3232507,2018,SIBGRAPI,1
10.1145/3356422.3356433,2019,TVCG,6
10.1145/3356422.3356433,2019,Journal of Visual Languages & Computing,1
10.1145/3356422.3356433,2019,,8
10.1145/3356422.3356433,2019,ICIP,1
10.1145/3356422.3356433,2019,CG&A,1
10.1145/3356422.3356433,2019,TOG,1
10.1145/3356422.3356433,2019,AAAI,1
10.1145/3356422.3356433,2019,PLOS ONE,1
10.1145/3356422.3356433,2019,ICML,1
10.1145/3356422.3356433,2019,PacificVis,1
10.1145/3356422.3356433,2019,JOV,1
10.1145/3356422.3356433,2019,SMC,1
10.1145/3356422.3356440,2019,Journal of Visual Languages & Computing,1
10.1145/3356422.3356440,2019,,8
10.1145/3356422.3356440,2019,GI,3
10.1145/3356422.3356440,2019,AAAI,1
10.1145/3356422.3356439,2019,VIS,7
10.1145/3356422.3356439,2019,TVCG,1
10.1145/3356422.3356439,2019,JOV,1
10.1145/3356422.3356439,2019,,10
10.1145/3356422.3356439,2019,CHI,1
10.1145/3356422.3356439,2019,CGF,1
10.1145/3356422.3356446,2019,,22
10.1145/3356422.3356446,2019,TVCG,4
10.1145/3356422.3356446,2019,CHI,2
10.1145/3356422.3356446,2019,KDD,3
10.1145/3356422.3356446,2019,CGF,1
10.1145/3356422.3356446,2019,BIGDATA,1
10.1145/3356422.3356426,2019,,9
10.1145/3356422.3356426,2019,IV,1
10.1145/3356422.3356426,2019,InfoVis,2
10.1145/3356422.3356426,2019,TVCG,4
10.1145/3356422.3356426,2019,GI,2
10.1145/3356422.3356426,2019,CGF,1
10.1145/3356422.3356431,2019,,9
10.1145/3356422.3356431,2019,GI,1
10.1145/3356422.3356431,2019,KDD,1
10.1145/3356422.3356425,2019,,23
10.1145/3356422.3356425,2019,GI,4
10.1145/3356422.3356425,2019,TOG,1
10.1145/3356422.3356423,2019,CGF,1
10.1145/3356422.3356423,2019,,14
10.1145/3356422.3356423,2019,GI,3
10.1145/3356422.3356423,2019,SIGGRAPH,1
10.1145/3356422.3356423,2019,PacificVis,1
10.1145/3356422.3356423,2019,IV,1
10.1145/3356422.3356423,2019,CHI,1
10.1145/3356422.3356450,2019,TVCG,2
10.1145/3356422.3356450,2019,,23
10.1145/3356422.3356450,2019,SIGKDD,1
10.1145/3356422.3356450,2019,GD,1
10.1145/3356422.3356450,2019,CGF,3
10.1145/3356422.3356450,2019,Information Visualization,1
10.1145/3356422.3356450,2019,VIS,2
10.1145/3356422.3356450,2019,TOG,1
10.1145/3356422.3356450,2019,GI,3
10.1145/3356422.3356450,2019,PLOS ONE,1
10.1145/3356422.3356450,2019,BIGDATA,1
10.1145/3356422.3356450,2019,SIGGRAPH,1
10.1145/3356422.3356424,2019,,17
10.1145/3356422.3356424,2019,GI,2
10.1145/3356422.3356424,2019,JOV,1
10.1145/3356422.3356444,2019,VIS,4
10.1145/3356422.3356444,2019,IV,4
10.1145/3356422.3356444,2019,,22
10.1145/3356422.3356444,2019,VISSOFT,2
10.1145/3356422.3356444,2019,TVCG,6
10.1145/3356422.3356444,2019,PacificVis,1
10.1145/3356422.3356444,2019,InfoVis,3
10.1145/3356422.3356444,2019,SIGGRAPH,1
10.1145/3356422.3356444,2019,VAST,1
10.1145/3356422.3356444,2019,PG,1
10.1145/3356422.3356444,2019,EuroVis,2
10.1145/3356422.3356444,2019,CG&A,1
10.1145/3356422.3356444,2019,LNCS,1
10.1145/3356422.3356444,2019,WPC,1
10.1145/3356422.3356444,2019,WCRE,1
10.1145/3356422.3356444,2019,ASE,1
10.1145/3356422.3356444,2019,Web3D,3
10.1145/3356422.3356444,2019,VISIGRAPP ,5
10.1145/3356422.3356444,2019,VINCI,1
10.1145/3356422.3356444,2019,WSCG,1
10.1145/3356422.3356444,2019,CRIWG,1
10.1145/3356422.3356444,2019,VL/HCC,1
10.1145/3356422.3356444,2019,Computational Physics Conference,2
10.1145/3356422.3356444,2019,Information Visualization,1
10.1145/3356422.3356444,2019,GRAPP,1
10.1145/3356422.3356444,2019,ICSE,1
10.1145/3356422.3356444,2019,CGVC,1
10.1145/3356422.3356430,2019,TVCG,15
10.1145/3356422.3356430,2019,CG&A,3
10.1145/3356422.3356430,2019,CGF,3
10.1145/3356422.3356430,2019,PacificVis,2
10.1145/3356422.3356430,2019,,4
10.1145/3356422.3356430,2019,InfoVis,1
10.1145/3356422.3356430,2019,SIGGRAPH,1
10.1145/3356422.3356430,2019,LNCS,1
10.1145/3356422.3356430,2019,IV,1
10.1145/3356422.3356430,2019,VL/HCC,1
10.1145/3356422.3356430,2019,CHI,1
10.1145/3356422.3356449,2019,TVCG,4
10.1145/3356422.3356449,2019,,8
10.1145/3356422.3356449,2019,JMLR,1
10.1145/3356422.3356449,2019,PacificVis,2
10.1145/3356422.3356449,2019,HICSS,1
10.1145/3356422.3356449,2019,Information Visualization,1
10.1145/3356422.3356449,2019,IV,1
10.1145/3356422.3356449,2019,CHI,1
10.1145/3356422.3356449,2019,Proceedings of Graphics Interface,1
10.1145/3356422.3356449,2019,TOIS,1
10.1145/3356422.3356449,2019,CGF,1
10.1145/3356422.3356441,2019,,9
10.1145/3356422.3356441,2019,ACL,3
10.1145/3356422.3356441,2019,HICSS,1
10.1145/3356422.3356429,2019,,29
10.1145/3356422.3356429,2019,GI,2
10.1145/3356422.3356429,2019,VIS,1
10.1145/3356422.3356435,2019,,20
10.1145/3356422.3356435,2019,KDD,1
10.1145/3356422.3356435,2019,PLOS ONE,3
10.1145/3356422.3356435,2019,JMLR,1
10.1145/3356422.3356435,2019,SIGGRAPH,1
10.1145/3356422.3356447,2019,,14
10.1145/3356422.3356447,2019,VISIGRAPP ,1
10.1145/3356422.3356447,2019,VIS,2
10.1145/3356422.3356447,2019,GI,3
10.1145/3356422.3356447,2019,TVCG,2
10.1145/3356422.3356447,2019,ISVC,1
10.1145/3356422.3356447,2019,Information Visualization,2
10.1145/3356422.3356447,2019,SIGGRAPH,1
10.1145/3356422.3356447,2019,CG&A,5
10.1145/3356422.3356447,2019,CGF,1
10.1145/3356422.3356447,2019,ITS,1
10.1145/3356422.3356447,2019,ICCV,1
10.1145/3356422.3356447,2019,TOG,1
10.1145/3356422.3356447,2019,InfoVis,1
10.1145/3356422.3356427,2019,CGF,1
10.1145/3356422.3356427,2019,,14
10.1145/3356422.3356427,2019,SIGGRAPH,3
10.1145/3356422.3356427,2019,CVPR,1
10.1145/3356422.3356427,2019,ECCV,1
10.1145/3356422.3356427,2019,Proceedings of Graphics Interface,2
10.1145/3356422.3356434,2019,TVCG,9
10.1145/3356422.3356434,2019,,14
10.1145/3356422.3356434,2019,SIGKDD,1
10.1145/3356422.3356434,2019,Information Visualization,2
10.1145/3356422.3356434,2019,CG&A,1
10.1145/3356422.3356438,2019,,18
10.1145/3356422.3356438,2019,TOG,1
10.1145/3356422.3356438,2019,GI,1
10.1145/3356422.3356438,2019,ITS,2
10.1145/3356422.3356438,2019,ISVC,1
10.1145/3356422.3356438,2019,TVCG,1
10.1145/3356422.3356438,2019,PacificVis,1
10.1145/3356422.3356445,2019,,21
10.1145/3356422.3356445,2019,SIGGRAPH,6
10.1145/3356422.3356445,2019,UIST,1
10.1145/3356422.3356445,2019,GRAPHITE,1
10.1145/3356422.3356445,2019,PG,1
10.1145/3356422.3356445,2019,WSCG,2
10.1145/3356422.3356445,2019,TOG,1
10.1145/3356422.3356445,2019,Proceedings of Graphics Interface,1
10.1145/3356422.3356445,2019,TVCG,1
10.1145/3356422.3356445,2019,GRAPP,1
10.1145/3356422.3356442,2019,,6
10.1145/3356422.3356442,2019,Computational Physics Conference,1
10.1145/3356422.3356442,2019,SIGGRAPH,1
10.1145/3356422.3356442,2019,TVCG,3
10.1145/3356422.3356442,2019,VIS,4
10.1145/3356422.3356442,2019,GI,1
10.1145/3356422.3356442,2019,JOV,1
10.1145/3356422.3356442,2019,CVPR,1
10.1145/3356422.3356428,2019,GI,2
10.1145/3356422.3356428,2019,JOV,1
10.1145/3356422.3356428,2019,TVCG,7
10.1145/3356422.3356428,2019,,8
10.1145/3356422.3356432,2019,,5
10.1145/3356422.3356436,2019,,4
10.1145/3356422.3356436,2019,CVPR,1
10.1145/3356422.3356437,2019,,3
10.1145/3356422.3356437,2019,GI,2
10.1145/3356422.3356437,2019,SMC,1
10.1145/3356422.3356443,2019,JVLC,1
10.1145/3356422.3356443,2019,,3
10.1145/3356422.3356443,2019,VINCI,1
10.1145/3356422.3356448,2019,PacificVis,1
10.1145/3356422.3356448,2019,TVCG,3
10.1145/3356422.3356448,2019,,2
10.1145/3356422.3356448,2019,GD,1
10.1145/3356422.3356448,2019,Journal of Visual Languages & Computing,1
10.1145/3356422.3356451,2019,,3
10.1145/3356422.3356452,2019,,3
10.1145/3356422.3356453,2019,,7
10.1145/3356422.3356454,2019,,1
10.1145/3356422.3356454,2019,TVCG,1
10.1145/3356422.3356454,2019,CHI,1
10.1145/3356422.3356455,2019,,3
10.1145/3356422.3356456,2019,,5
10.1145/3356422.3356457,2019,,4
10.1145/3356422.3356457,2019,GI,1
10.1145/3356422.3356457,2019,ECCV,2
10.1145/3356422.3356457,2019,ICCV,1
10.1145/3356422.3356457,2019,IJCV,1
10.1145/3356422.3356457,2019,PAMI,1
10.1145/3356422.3356457,2019,CVPR,1
10.1145/3356422.3356458,2019,,7
10.1145/3356422.3356458,2019,IV,1
10.1145/3356422.3356459,2019,,9
10.1145/3356422.3356459,2019,GI,1
10.1145/3356422.3356460,2019,,8
10.1145/3356422.3356461,2019,,8
10.1145/3430036.3430041,2020,,96
10.1145/3430036.3430041,2020,TVCG,2
10.1145/3430036.3430041,2020,TOG,1
10.1145/3430036.3430041,2020,EuroVis,1
10.1145/3430036.3430041,2020,VIS,1
10.1145/3430036.3430041,2020,ASE,1
10.1145/3430036.3430041,2020,InfoVis,1
10.1145/3430036.3430041,2020,GI,1
10.1145/3430036.3430041,2020,VISIGRAPP ,1
10.1145/3430036.3430041,2020,CG&A,1
10.1145/3430036.3430041,2020,Information Visualization,1
10.1145/3430036.3430041,2020,CHI,1
10.1145/3430036.3430041,2020,Computational Physics Conference,1
10.1145/3430036.3430041,2020,VINCI,1
10.1145/3430036.3430054,2020,,58
10.1145/3430036.3430054,2020,TVCG,2
10.1145/3430036.3430054,2020,TOG,1
10.1145/3430036.3430054,2020,Information Visualization,2
10.1145/3430036.3430054,2020,VISIGRAPP ,1
10.1145/3430036.3430054,2020,VINCI,1
10.1145/3430036.3430037,2020,,28
10.1145/3430036.3430037,2020,TVCG,1
10.1145/3430036.3430037,2020,CG&A,1
10.1145/3430036.3430037,2020,TOG,1
10.1145/3430036.3430067,2020,,21
10.1145/3430036.3430060,2020,,38
10.1145/3430036.3430058,2020,,32
10.1145/3430036.3430053,2020,CGF,2
10.1145/3430036.3430053,2020,,16
10.1145/3430036.3430053,2020,Information Visualization,1
10.1145/3430036.3430053,2020,TVCG,1
10.1145/3430036.3430053,2020,GI,1
10.1145/3430036.3430053,2020,CHI,1
10.1145/3430036.3430065,2020,,16
10.1145/3430036.3430065,2020,TVCG,2
10.1145/3430036.3430065,2020,TOG,1
10.1145/3430036.3430052,2020,,19
10.1145/3430036.3430052,2020,IV,2
10.1145/3430036.3430052,2020,TVCG,3
10.1145/3430036.3430050,2020,,44
10.1145/3430036.3430050,2020,TVCG,2
10.1145/3430036.3430038,2020,,46
10.1145/3430036.3430038,2020,CGF,1
10.1145/3430036.3430059,2020,,28
10.1145/3430036.3430059,2020,JMLR,1
10.1145/3430036.3430061,2020,,23
10.1145/3430036.3430061,2020,SIGGRAPH,1
10.1145/3430036.3430061,2020,TVCG,2
10.1145/3430036.3430061,2020,CHI,1
10.1145/3430036.3430042,2020,,43
10.1145/3430036.3430066,2020,,22
10.1145/3430036.3430066,2020,TVCG,1
10.1145/3430036.3430043,2020,,30
10.1145/3430036.3430056,2020,,16
10.1145/3430036.3430056,2020,EuroVis,1
10.1145/3430036.3430049,2020,,25
10.1145/3430036.3430049,2020,CGF,1
10.1145/3430036.3430071,2020,,44
10.1145/3430036.3430071,2020,CG&A,1
10.1145/3430036.3430047,2020,,24
10.1145/3430036.3430045,2020,,27
10.1145/3430036.3430045,2020,Web3D,1
10.1145/3430036.3430045,2020,VINCI,1
10.1145/3430036.3430070,2020,,13
10.1145/3430036.3430044,2020,,24
10.1145/3430036.3430044,2020,TVCG,1
10.1145/3430036.3430044,2020,CG&A,1
10.1145/3430036.3430044,2020,TOG,1
10.1145/3430036.3430069,2020,,20
10.1145/3430036.3430069,2020,TVCG,1
10.1145/3430036.3430064,2020,,26
10.1145/3430036.3430064,2020,Information Visualization,2
10.1145/3430036.3430064,2020,TVCG,1
10.1145/3430036.3430064,2020,CHI,1
10.1145/3430036.3430068,2020,,1
10.1145/3430036.3430063,2020,,12
10.1145/3430036.3430063,2020,Information Visualization,2
10.1145/3430036.3432753,2020,,9
10.1145/3430036.3432753,2020,TVCG,1
10.1145/3430036.3430057,2020,,7
10.1145/3430036.3430057,2020,GI,1
10.1145/3430036.3430072,2020,TVCG,1
10.1145/3430036.3430072,2020,,13
10.1145/3430036.3430073,2020,,12
10.1145/3481549.3481569,2021,VIS,1
10.1145/3481549.3481569,2021,,30
10.1145/3481549.3481569,2021,KDD,1
10.1145/3481549.3481569,2021,TVCG,3
10.1145/3481549.3481569,2021,GD,3
10.1145/3481549.3481569,2021,SIBGRAPI,1
10.1145/3481549.3481569,2021,Information Visualization,2
10.1145/3481549.3481569,2021,CGF,3
10.1145/3481549.3481569,2021,InfoVis,2
10.1145/3481549.3481553,2021,PacificVis,3
10.1145/3481549.3481553,2021,TVCG,7
10.1145/3481549.3481553,2021,JVLC,1
10.1145/3481549.3481553,2021,CGF,3
10.1145/3481549.3481553,2021,IV,4
10.1145/3481549.3481553,2021,,2
10.1145/3481549.3481553,2021,InfoVis,1
10.1145/3481549.3481557,2021,,27
10.1145/3481549.3481557,2021,CGF,1
10.1145/3481549.3481557,2021,KDD,1
10.1145/3481549.3481557,2021,Information Visualization,1
10.1145/3481549.3481557,2021,TVCG,7
10.1145/3481549.3481557,2021,PacificVis,1
10.1145/3481549.3481557,2021,HICSS,1
10.1145/3481549.3481557,2021,BIGDATA,1
10.1145/3481549.3481557,2021,CHI,1
10.1145/3481549.3481557,2021,JMLR,1
10.1145/3481549.3481557,2021,SIGKDD,1
10.1145/3481549.3481563,2021,,10
10.1145/3481549.3481563,2021,UIST,2
10.1145/3481549.3481563,2021,CHI,14
10.1145/3481549.3481563,2021,VIS,1
10.1145/3481549.3481563,2021,CG&A,2
10.1145/3481549.3481563,2021,GI,2
10.1145/3481549.3481563,2021,SIGGRAPH,2
10.1145/3481549.3481563,2021,ICRA,1
10.1145/3481549.3481563,2021,SUI,1
10.1145/3481549.3481568,2021,,20
10.1145/3481549.3481568,2021,TVCG,2
10.1145/3481549.3481568,2021,CHI,1
10.1145/3481549.3481570,2021,,7
10.1145/3481549.3481570,2021,IV,1
10.1145/3481549.3481570,2021,TVCG,1
10.1145/3481549.3481570,2021,VL/HCC,1
10.1145/3481549.3481570,2021,GI,1
10.1145/3481549.3481570,2021,VINCI,1
10.1145/3481549.3481570,2021,SIGGRAPH,1
10.1145/3481549.3481570,2021,VISIGRAPP ,1
10.1145/3481549.3481570,2021,CGVC,1
10.1145/3481549.3481562,2021,,12
10.1145/3481549.3481562,2021,GI,1
10.1145/3481549.3481562,2021,PacificVis,1
10.1145/3481549.3481562,2021,NeuroImage,1
10.1145/3481549.3481562,2021,CHI,1
10.1145/3481549.3481560,2021,,22
10.1145/3481549.3481560,2021,GI,5
10.1145/3481549.3481560,2021,IJCV,1
10.1145/3481549.3481560,2021,ECCV,1
10.1145/3481549.3481560,2021,CVPR,1
10.1145/3481549.3481556,2021,,22
10.1145/3481549.3481556,2021,ITS,1
10.1145/3481549.3481556,2021,IEEE VR,1
10.1145/3481549.3481556,2021,SIGGRAPH,1
10.1145/3481549.3481556,2021,GI,3
10.1145/3481549.3481556,2021,CG&A,1
10.1145/3481549.3481556,2021,VL/HCC,1
10.1145/3481549.3481556,2021,VIS,1
10.1145/3481549.3481554,2021,,16
10.1145/3481549.3481554,2021,Journal of Visual Languages & Computing,1
10.1145/3481549.3481554,2021,GI,2
10.1145/3481549.3481558,2021,CHI,3
10.1145/3481549.3481558,2021,,30
10.1145/3481549.3481558,2021,UIST,2
10.1145/3481549.3481558,2021,TVCG,12
10.1145/3481549.3481558,2021,Information Visualization,1
10.1145/3481549.3481558,2021,LNCS,1
10.1145/3481549.3481558,2021,CGF,1
10.1145/3481549.3481564,2021,,20
10.1145/3481549.3481564,2021,ISMAR,1
10.1145/3481549.3481564,2021,CHI,2
10.1145/3481549.3481564,2021,TVCG,3
10.1145/3481549.3481564,2021,CG&A,1
10.1145/3481549.3481564,2021,GI,1
10.1145/3481549.3481555,2021,,13
10.1145/3481549.3481555,2021,TVCG,4
10.1145/3481549.3481555,2021,IEEE VR,1
10.1145/3481549.3481555,2021,UIST,1
10.1145/3481549.3481555,2021,JVLC,1
10.1145/3481549.3481555,2021,InfoVis,1
10.1145/3481549.3481555,2021,CG&A,1
10.1145/3481549.3481555,2021,PacificVis,1
10.1145/3481549.3481555,2021,CHI,1
10.1145/3481549.3481566,2021,,15
10.1145/3481549.3481566,2021,EuroSys,1
10.1145/3481549.3481566,2021,VISSOFT,3
10.1145/3481549.3481566,2021,Computational Physics Conference,1
10.1145/3481549.3481566,2021,ICSE,1
10.1145/3481549.3481566,2021,GI,2
10.1145/3481549.3481566,2021,IV,1
10.1145/3481549.3481566,2021,ASPLOS,1
10.1145/3481549.3481566,2021,VIS,1
10.1145/3481549.3481566,2021,ICML,1
10.1145/3481549.3481565,2021,,30
10.1145/3481549.3481565,2021,IUI,4
10.1145/3481549.3481565,2021,TVCG,1
10.1145/3481549.3481565,2021,VIS,5
10.1145/3481549.3481565,2021,Information Visualization,2
10.1145/3481549.3481565,2021,TOIS,2
10.1145/3481549.3481565,2021,SIGIR,1
10.1145/3481549.3481565,2021,IV,1
10.1145/3481549.3481565,2021,CHI,1
10.1145/3481549.3481550,2021,,18
10.1145/3481549.3481550,2021,CGF,2
10.1145/3481549.3481550,2021,GD,2
10.1145/3481549.3481550,2021,InfoVis,1
10.1145/3481549.3481550,2021,Information Visualization,1
10.1145/3481549.3481550,2021,JVLC,1
10.1145/3481549.3481550,2021,VL/HCC,1
10.1145/3481549.3481550,2021,TVCG,2
10.1145/3481549.3481571,2021,,5
10.1145/3481549.3481573,2021,GI,2
10.1145/3481549.3481573,2021,JMLR,1
10.1145/3481549.3481573,2021,,5
10.1145/3481549.3481573,2021,WCRE,1
10.1145/3481549.3481573,2021,Information Visualization,1
10.1145/3481549.3481573,2021,CGF,1
10.1145/3481549.3481573,2021,Web3D,1
10.1145/3481549.3481572,2021,,2
10.1145/3481549.3481559,2021,,6
10.1145/3481549.3481559,2021,CG&A,2
10.1145/3481549.3481559,2021,IV,2
10.1145/3481549.3481559,2021,JOV,1
10.1145/3481549.3481559,2021,TVCG,4
10.1145/3481549.3481559,2021,GI,1
10.1145/3481549.3481559,2021,CGF,1
10.1145/3481549.3481559,2021,InfoVis,1
10.1145/3481549.3481567,2021,,20
10.1145/3481549.3481567,2021,CHI,5
10.1145/3481549.3481567,2021,GI,1
10.1145/3481549.3481567,2021,WSCG,1
10.1145/3481549.3481567,2021,InfoVis,2
10.1145/3481549.3481551,2021,,9
10.1145/3481549.3481551,2021,JMLR,1
10.1145/3481549.3481551,2021,TVCG,2
10.1145/3481549.3481551,2021,NIPS,1
10.1145/3481549.3481551,2021,WSDM,1
10.1145/3481549.3481551,2021,GI,3
10.1145/3481549.3481551,2021,ACL,1
10.1145/3481549.3481551,2021,ICML,1
10.1145/3481549.3481552,2021,TOG,4
10.1145/3481549.3481552,2021,TVCG,1
10.1145/3481549.3481552,2021,,11
10.1145/3481549.3481552,2021,VIS,1
10.1145/3481549.3481552,2021,SIGGRAPH,1
10.1145/3481549.3481552,2021,JOV,1
10.1145/3481549.3481561,2021,,8
10.1145/3481549.3481561,2021,ICML,1
10.1145/3481549.3481561,2021,TVCG,3
10.1145/3481549.3481561,2021,CHI,1
10.1145/3481549.3481561,2021,JMLR,1
10.1145/3554944.3554950,2022,SMC,1
10.1145/3554944.3554950,2022,SG,2
10.1145/3554944.3554950,2022,EuroVis,1
10.1145/3554944.3554950,2022,CVGIP,1
10.1145/3554944.3554950,2022,TVCG,4
10.1145/3554944.3554950,2022,IEEE Automation Science and Engineering,1
10.1145/3554944.3554950,2022,ICPP,1
10.1145/3554944.3554950,2022,,7
10.1145/3554944.3554950,2022,GD,2
10.1145/3554944.3554950,2022,IUI,3
10.1145/3554944.3554950,2022,VL/HCC,1
10.1145/3554944.3554950,2022,Proceedings of Graphics Interface,1
10.1145/3554944.3554950,2022,CHI,3
10.1145/3554944.3554950,2022,TOG,2
10.1145/3554944.3554950,2022,PLOS ONE,1
10.1145/3554944.3554950,2022,GI,1
10.1145/3554944.3554950,2022,PacificVis,1
10.1145/3554944.3554950,2022,CGF,1
10.1145/3554944.3554950,2022,ITS,1
10.1145/3554944.3554950,2022,Journal of Visual Languages & Computing,1
10.1145/3554944.3554950,2022,IEEE TVCG2,1
10.1145/3554944.3554950,2022,DIS,1
10.1145/3554944.3554950,2022,UIST,1
10.1145/3554944.3554950,2022,TOMCCAP,1
10.1145/3554944.3554951,2022,,36
10.1145/3554944.3554951,2022,ACM Multimedia,1
10.1145/3554944.3554951,2022,CADCG,1
10.1145/3554944.3554951,2022,CVPR,1
10.1145/3554944.3554951,2022,GI,1
10.1145/3554944.3554951,2022,SIGGRAPH,2
10.1145/3554944.3554952,2022,ECCV,2
10.1145/3554944.3554952,2022,,31
10.1145/3554944.3554952,2022,GI,7
10.1145/3554944.3554952,2022,CVPR,9
10.1145/3554944.3554952,2022,AAAI,2
10.1145/3554944.3554952,2022,ICCV,1
10.1145/3554944.3554952,2022,ICML,1
10.1145/3554944.3554952,2022,NIPS,1
10.1145/3554944.3554952,2022,IJCAI,1
10.1145/3554944.3554953,2022,,4
10.1145/3554944.3554953,2022,PacificVis,1
10.1145/3554944.3554953,2022,TVCG,1
10.1145/3554944.3554971,2022,,18
10.1145/3554944.3554971,2022,TVCG,1
10.1145/3554944.3554947,2022,CG&A,1
10.1145/3554944.3554947,2022,,14
10.1145/3554944.3554947,2022,TVCG,2
10.1145/3554944.3554947,2022,JOV,1
10.1145/3554944.3554947,2022,CGF,2
10.1145/3554944.3554947,2022,SIGGRAPH,1
10.1145/3554944.3554947,2022,TOG,2
10.1145/3554944.3554945,2022,TVCG,12
10.1145/3554944.3554945,2022,,8
10.1145/3554944.3554945,2022,CHI,7
10.1145/3554944.3554945,2022,ICCV,2
10.1145/3554944.3554945,2022,CGF,3
10.1145/3554944.3554945,2022,VIS,2
10.1145/3554944.3554945,2022,GI,1
10.1145/3554944.3554945,2022,Information Visualization,1
10.1145/3554944.3554945,2022,Journal of Visual Languages & Computing,1
10.1145/3554944.3554957,2022,,18
10.1145/3554944.3554957,2022,VIS,2
10.1145/3554944.3554957,2022,CHI,6
10.1145/3554944.3554957,2022,GI,3
10.1145/3554944.3554957,2022,InfoVis,1
10.1145/3554944.3554957,2022,SIBGRAPI,1
10.1145/3554944.3554957,2022,VINCI,2
10.1145/3554944.3554957,2022,PacificVis,1
10.1145/3554944.3554958,2022,,23
10.1145/3554944.3554958,2022,GI,5
10.1145/3554944.3554958,2022,TOG,1
10.1145/3554944.3554958,2022,CGF,3
10.1145/3554944.3554958,2022,TVCG,2
10.1145/3554944.3554958,2022,BIGDATA,1
10.1145/3554944.3554959,2022,VAST,1
10.1145/3554944.3554959,2022,JVLC,2
10.1145/3554944.3554959,2022,,16
10.1145/3554944.3554959,2022,GI,1
10.1145/3554944.3554959,2022,VINCI,1
10.1145/3554944.3554959,2022,IV,1
10.1145/3554944.3554959,2022,ACM Multimedia,1
10.1145/3554944.3554954,2022,,22
10.1145/3554944.3554954,2022,TVCG,2
10.1145/3554944.3554954,2022,VIS,1
10.1145/3554944.3554970,2022,CHI,7
10.1145/3554944.3554970,2022,,16
10.1145/3554944.3554970,2022,UIST,2
10.1145/3554944.3554970,2022,BIGDATA,1
10.1145/3554944.3554970,2022,SMC,1
10.1145/3554944.3554970,2022,GI,1
10.1145/3554944.3554970,2022,TVCG,2
10.1145/3554944.3554956,2022,,20
10.1145/3554944.3554956,2022,IROS,1
10.1145/3554944.3554956,2022,GI,1
10.1145/3554944.3554956,2022,CHI,2
10.1145/3554944.3554960,2022,,5
10.1145/3554944.3554960,2022,TVCG,1
10.1145/3554944.3554960,2022,GI,3
10.1145/3554944.3554961,2022,GI,1
10.1145/3554944.3554961,2022,InfoVis,1
10.1145/3554944.3554961,2022,JMLR,2
10.1145/3554944.3554961,2022,CG&A,1
10.1145/3554944.3554961,2022,,9
10.1145/3554944.3554961,2022,TVCG,1
10.1145/3554944.3554961,2022,VINCI,1
10.1145/3554944.3554961,2022,KDD,1
10.1145/3554944.3554961,2022,IV,1
10.1145/3554944.3554961,2022,ACL,1
10.1145/3554944.3554961,2022,NIPS,1
10.1145/3554944.3554962,2022,,15
10.1145/3554944.3554963,2022,CHI,2
10.1145/3554944.3554963,2022,,6
10.1145/3554944.3554963,2022,Information Visualization,1
10.1145/3554944.3554963,2022,GI,1
10.1145/3554944.3554964,2022,,3
10.1145/3554944.3554965,2022,,4
10.1145/3554944.3554966,2022,,2
